aum_usd,avg_deployed_usd,avg_position_pct_adv,avg_impact_bps,avg_net_bps_per_trade,annual_profit_usd,annual_return_pct,sharpe,strategy,impact_model,impact_slope_bps_per_sqrt_pct
100000.0,29017.0,0.002,0.54,-2.57,-1627.0,-1.63,-1.95,Closing Pressure,standard (0.5),0.277
250000.0,72490.0,0.005,0.86,-2.89,-4576.0,-1.83,-2.19,Closing Pressure,standard (0.5),0.277
500000.0,144765.0,0.009,1.21,-3.24,-10240.0,-2.05,-2.45,Closing Pressure,standard (0.5),0.277
1000000.0,288828.0,0.019,1.71,-3.74,-23659.0,-2.37,-2.83,Closing Pressure,standard (0.5),0.277
2500000.0,720889.0,0.046,2.71,-4.74,-74934.0,-3.0,-3.57,Closing Pressure,standard (0.5),0.277
5000000.0,1440989.0,0.092,3.83,-5.86,-185482.0,-3.71,-4.4,Closing Pressure,standard (0.5),0.277
10000000.0,2881189.0,0.185,5.42,-7.45,-471807.0,-4.72,-5.54,Closing Pressure,standard (0.5),0.277
25000000.0,7138745.0,0.452,8.49,-10.52,-1657324.0,-6.63,-7.6,Closing Pressure,standard (0.5),0.277
50000000.0,13280239.0,0.804,11.36,-13.39,-3824918.0,-7.65,-9.01,Closing Pressure,standard (0.5),0.277
100000000.0,20837135.0,1.143,13.66,-15.69,-7060205.0,-7.06,-9.63,Closing Pressure,standard (0.5),0.277
250000000.0,28461198.0,1.379,15.02,-17.06,-11298530.0,-4.52,-8.01,Closing Pressure,standard (0.5),0.277
1000000000.0,33688133.0,1.455,15.4,-17.44,-13385633.0,-1.34,-6.23,Closing Pressure,standard (0.5),0.277
100000.0,29017.0,0.002,1.08,-3.12,-1971.0,-1.97,-2.36,Closing Pressure,conservative (1.0),0.277
250000.0,72490.0,0.005,1.71,-3.75,-5936.0,-2.37,-2.84,Closing Pressure,conservative (1.0),0.277
500000.0,144765.0,0.009,2.42,-4.45,-14085.0,-2.82,-3.36,Closing Pressure,conservative (1.0),0.277
1000000.0,288828.0,0.019,3.42,-5.46,-34518.0,-3.45,-4.1,Closing Pressure,conservative (1.0),0.277
2500000.0,720889.0,0.046,5.41,-7.44,-117827.0,-4.71,-5.53,Closing Pressure,conservative (1.0),0.277
5000000.0,1440989.0,0.092,7.65,-9.68,-306782.0,-6.14,-7.07,Closing Pressure,conservative (1.0),0.277
10000000.0,2881189.0,0.185,10.82,-12.85,-814877.0,-8.15,-9.05,Closing Pressure,conservative (1.0),0.277
25000000.0,7138745.0,0.452,16.96,-18.99,-2984052.0,-11.94,-12.15,Closing Pressure,conservative (1.0),0.277
50000000.0,13280239.0,0.804,22.67,-24.7,-7103672.0,-14.21,-14.1,Closing Pressure,conservative (1.0),0.277
100000000.0,20837135.0,1.143,27.25,-29.28,-13377028.0,-13.38,-14.44,Closing Pressure,conservative (1.0),0.277
250000000.0,28461198.0,1.379,29.97,-32.0,-21477523.0,-8.59,-11.32,Closing Pressure,conservative (1.0),0.277
1000000000.0,33688133.0,1.455,30.72,-32.76,-26355324.0,-2.64,-8.9,Closing Pressure,conservative (1.0),0.277
100000.0,100000.0,0.006,1.36,2.97,12228.0,12.23,0.64,Overnight fade,standard (0.5),0.277
250000.0,250000.0,0.016,2.15,2.18,25143.0,10.06,0.53,Overnight fade,standard (0.5),0.277
500000.0,500000.0,0.032,3.03,1.29,38051.0,7.61,0.4,Overnight fade,standard (0.5),0.277
1000000.0,1000000.0,0.065,4.29,0.03,41480.0,4.15,0.22,Overnight fade,standard (0.5),0.277
2500000.0,2500000.0,0.162,6.79,-2.46,-68183.0,-2.73,-0.14,Overnight fade,standard (0.5),0.277
5000000.0,4946914.0,0.315,9.55,-5.22,-380195.0,-7.6,-0.41,Overnight fade,standard (0.5),0.277
10000000.0,9513778.0,0.589,13.29,-8.96,-1353071.0,-13.53,-0.73,Overnight fade,standard (0.5),0.277
25000000.0,19261994.0,1.11,19.12,-14.79,-4429481.0,-17.72,-1.12,Overnight fade,standard (0.5),0.277
50000000.0,28167626.0,1.49,22.98,-18.65,-8379126.0,-16.76,-1.65,Overnight fade,standard (0.5),0.277
100000000.0,37019506.0,1.799,26.2,-21.88,-14946881.0,-14.95,-2.05,Overnight fade,standard (0.5),0.277
250000000.0,49698851.0,2.205,29.87,-25.54,-26798661.0,-10.72,-2.37,Overnight fade,standard (0.5),0.277
1000000000.0,69019592.0,2.684,33.44,-29.12,-59108285.0,-5.91,-2.82,Overnight fade,standard (0.5),0.277
100000.0,100000.0,0.006,2.71,1.61,8496.0,8.5,0.44,Overnight fade,conservative (1.0),0.277
250000.0,250000.0,0.016,4.29,0.04,10391.0,4.16,0.22,Overnight fade,conservative (1.0),0.277
500000.0,500000.0,0.032,6.07,-1.74,-3673.0,-0.73,-0.04,Overnight fade,conservative (1.0),0.277
1000000.0,1000000.0,0.065,8.58,-4.25,-76532.0,-7.65,-0.4,Overnight fade,conservative (1.0),0.277
2500000.0,2500000.0,0.162,13.57,-9.24,-534669.0,-21.39,-1.11,Overnight fade,conservative (1.0),0.277
5000000.0,4946914.0,0.315,19.09,-14.76,-1652835.0,-33.06,-1.76,Overnight fade,conservative (1.0),0.277
10000000.0,9513778.0,0.589,26.54,-22.22,-4637154.0,-46.37,-2.5,Overnight fade,conservative (1.0),0.277
25000000.0,19261994.0,1.11,38.18,-33.85,-13226317.0,-52.91,-3.31,Overnight fade,conservative (1.0),0.277
50000000.0,28167626.0,1.49,45.89,-41.56,-23018653.0,-46.04,-4.41,Overnight fade,conservative (1.0),0.277
100000000.0,37019506.0,1.799,52.32,-47.99,-36282022.0,-36.28,-4.78,Overnight fade,conservative (1.0),0.277
250000000.0,49698851.0,2.205,59.63,-55.31,-58336687.0,-23.33,-4.71,Overnight fade,conservative (1.0),0.277
1000000000.0,69019592.0,2.684,66.77,-62.45,-111584733.0,-11.16,-4.26,Overnight fade,conservative (1.0),0.277
