date,net_bps
2024-10-15,66.12957305331463
2024-10-16,25.811210311025455
2024-10-17,50.55222350825907
2024-10-18,26.003305775108892
2024-10-21,11.990616767419667
2024-10-22,-9.382168032209384
2024-10-23,-29.498246907365022
2024-10-24,-9.566158110083869
2024-10-25,-14.056197497068453
2024-10-28,-78.52333864589876
2024-10-29,3.423425791882039
2024-10-30,32.23976545855906
2024-10-31,-26.214579441706853
2024-11-01,-21.615589425094786
2024-11-04,-1.0145796319603217
2024-11-05,147.76453852573445
2024-11-06,23.955426147877272
2024-11-07,-56.990399997221914
2024-11-08,11.972168713536878
2024-11-11,0.8402152569946093
2024-11-12,14.795452244876559
2024-11-13,-19.04332934601845
2024-11-14,89.84581758885079
2024-11-15,-65.78064522496018
2024-11-18,-5.4889013678210885
2024-11-19,18.8887696266179
2024-11-20,0.0
2024-11-21,-4.16942221931593
2024-11-22,-9.303604618577921
2024-11-25,-59.34306123980291
2024-11-26,0.0
2024-11-27,0.0
2024-12-02,29.026058516525726
2024-12-03,69.37294457262955
2024-12-04,10.72966594760319
2024-12-05,-63.581291960406524
2024-12-06,81.47846868327959
2024-12-09,-60.08508678161197
2024-12-10,-182.2828383289241
2024-12-11,-58.82652346825815
2024-12-12,-46.72431941330942
2024-12-13,0.0
2024-12-16,38.742184270745845
2024-12-17,11.669069369316121
2024-12-18,-61.96759307166258
2024-12-19,30.447273190523358
2024-12-20,3.703240688859028
2024-12-23,56.01893002708834
2024-12-26,0.0
2024-12-27,0.0
2024-12-30,202.6470786708859
2024-12-31,-7.8108923661156195
2025-01-02,0.0
2025-01-03,0.0
2025-01-06,-21.71576415664729
2025-01-07,13.4403037579902
2025-01-08,-3.5641797483827062
2025-01-10,45.22850737736572
2025-01-13,-51.45851238826137
2025-01-14,-63.55081035712719
2025-01-15,-46.97094241594787
2025-01-16,-59.659302911182635
2025-01-17,35.07020205518545
2025-01-21,38.39797634949197
2025-01-22,0.0
2025-01-23,-14.980293862378106
2025-01-24,-112.53152374485019
2025-01-27,-48.67752578563017
2025-01-28,47.62622964187093
2025-01-29,10.914375432474515
2025-01-30,667.3516993937865
2025-01-31,71.28156882459325
2025-02-03,0.0
2025-02-04,608.059232967033
2025-02-05,-61.8720495607926
2025-02-06,42.49688076185721
2025-02-07,0.0
2025-02-10,38.69940612677166
2025-02-11,256.59238603211713
2025-02-12,50.79725045561015
2025-02-13,44.8539121645161
2025-02-14,-22.582861457153598
2025-02-18,-9.549999759731724
2025-02-19,-11.073191910255746
2025-02-20,-3.338724538375555
2025-02-21,0.0
2025-02-24,48.97250693019355
2025-02-25,-55.60022177657592
2025-02-26,65.0572833582466
2025-02-27,72.83659349399919
2025-02-28,40.53070741528305
2025-03-03,170.5382938607779
2025-03-04,43.32135796962559
2025-03-05,-22.68828023203362
2025-03-06,-10.540221452825119
2025-03-07,0.0
2025-03-10,-15.654084355857789
2025-03-11,-115.14277956141805
2025-03-12,0.0
2025-03-13,0.0
2025-03-14,32.54696513045271
2025-03-17,0.0
2025-03-18,0.0
2025-03-19,0.0
2025-03-20,75.60874115310054
2025-03-21,0.1749903354831923
2025-03-24,9.648064808341296
2025-03-25,13.528524647177449
2025-03-26,-6.278941550797018
2025-03-27,-53.75692981155865
2025-03-28,117.31564111757172
2025-03-31,22.98642786385107
2025-04-01,-19.822496979453405
2025-04-02,-42.52230545856085
2025-04-03,183.02208514620136
2025-04-04,174.89547885881422
2025-04-07,-137.02450543065024
2025-04-08,-164.73227576750082
2025-04-09,-1.9826684748928491
2025-04-10,0.0
2025-04-11,-47.224344917798874
2025-04-14,0.0
2025-04-15,-118.18308785605622
2025-04-16,0.0
2025-04-17,0.0
2025-04-21,31.485573198819168
2025-04-22,316.63535537689006
2025-04-23,-16.82903860476783
2025-04-24,55.862625062369254
2025-04-25,10.039477971480851
2025-04-28,0.0
2025-04-29,66.14254657289352
2025-04-30,7.377228702261142
2025-05-01,-12.948180218920953
2025-05-02,0.0
2025-05-05,0.0
2025-05-06,0.0
2025-05-07,196.3409131636795
2025-05-08,-58.3988149670182
2025-05-09,262.72352587933347
2025-05-12,36.125633744463514
2025-05-13,80.49995828011227
2025-05-14,-24.016576260893828
2025-05-15,-7.084167279399402
2025-05-16,-86.68733541074225
2025-05-19,0.0
2025-05-20,0.0
2025-05-21,0.0
2025-05-22,0.0
2025-05-23,27.95945515725135
2025-05-27,69.65058282959698
2025-05-28,0.0
2025-05-29,-26.73748277781064
2025-05-30,2.673585740821248
2025-06-02,11.239701756659063
2025-06-03,-41.9366415409309
2025-06-04,-36.026829785294694
2025-06-05,0.0
2025-06-06,-24.05630949383308
2025-06-09,0.06206256075191637
2025-06-10,0.1144015311853579
2025-06-11,1.1075429424941596
2025-06-12,0.0
2025-06-13,-20.77511890624837
2025-06-16,-31.245881047246726
2025-06-17,9.37989396653656
2025-06-18,0.0
2025-06-20,30.82636512781516
2025-06-23,68.32461743923866
2025-06-24,7.237151313332828
2025-06-25,-2.116391530732024
2025-06-26,-13.36828647840271
2025-06-27,39.676096777718975
2025-06-30,-38.497528425978295
2025-07-01,0.0
2025-07-02,-5.232331205872451
2025-07-07,-21.224669600758528
2025-07-08,-11.07338956539919
2025-07-09,3.0808756460928315
2025-07-10,22.177062782517638
2025-07-11,-26.056897278547208
2025-07-14,-70.03892165120422
2025-07-15,-8.456369459307641
2025-07-16,-21.343637824151187
2025-07-17,-1.2179814250855021
2025-07-18,-1.7442568722825413
2025-07-21,0.2026264971802707
2025-07-22,79.09280984331248
2025-07-23,-21.4867066596274
2025-07-24,33.077416121241754
2025-07-25,-98.88350390305445
2025-07-28,-1.2044375964040928
2025-07-29,-13.531434001002076
2025-07-30,53.365428210695505
2025-07-31,-29.58785227990517
2025-08-01,-23.452160858522088
2025-08-04,6.962364401151503
2025-08-05,20.54777364837357
2025-08-06,-5.281115126896414
2025-08-07,-63.56255077393481
2025-08-08,0.0
2025-08-11,0.0
2025-08-12,5.571592654522682
2025-08-13,58.95003782728072
2025-08-14,-34.56164206096324
2025-08-15,7.906784725740437
2025-08-18,0.0
2025-08-19,0.0
2025-08-20,-7.130335321510394
2025-08-21,17.134347707987423
2025-08-22,0.0
2025-08-25,-48.57684828372081
2025-08-26,20.8876303250328
2025-08-27,34.2916939756196
2025-08-28,515.5888706056606
2025-08-29,10.65452674749371
2025-09-02,-20.757106928003978
2025-09-03,-33.7031508987296
2025-09-04,0.0
2025-09-05,6.874287178576263
2025-09-08,-64.96990749114909
2025-09-09,2.13220645515122
2025-09-10,0.0
2025-09-11,0.0
2025-09-12,70.80361819848581
2025-09-15,-46.14408811766477
2025-09-16,0.0
2025-09-17,0.0
2025-09-18,66.43003759464702
2025-09-19,18.42190156598842
2025-09-22,11.146094220174753
2025-09-23,35.76071567790715
2025-09-24,105.14809135579983
2025-09-25,-0.3423405072337786
2025-09-26,-4.933710143143925
2025-09-29,0.0
2025-09-30,22.621519183637286
