signal,quantile,threshold,filter,trades,avg_net_bps_per_trade,sharpe,t_stat,max_drawdown_bps
imbalance,0.8,3.364882535802426,False,4714,-4.14,-13.44,-13.03,-916.7
imbalance,0.8,3.364882535802426,True,3012,-4.02,-11.47,-11.13,-835.7
model,0.8,2.532052155033773,False,4714,-2.38,-8.67,-8.41,-632.9
model,0.8,2.532052155033773,True,2937,-1.98,-5.89,-5.71,-532.8
imbalance,0.9,4.91850023325229,False,2357,-4.34,-8.9,-8.64,-635.0
imbalance,0.9,4.91850023325229,True,1543,-3.97,-7.27,-7.05,-474.5
model,0.9,4.089020755728352,False,2357,-1.46,-3.79,-3.67,-343.4
model,0.9,4.089020755728352,True,1703,-1.32,-3.29,-3.19,-296.9
imbalance,0.95,6.690408944862876,False,1179,-4.85,-6.74,-6.54,-412.8
imbalance,0.95,6.690408944862876,True,769,-4.99,-6.33,-6.13,-326.6
model,0.95,5.6722428921325685,False,1179,-0.92,-1.68,-1.63,-174.9
model,0.95,5.6722428921325685,True,957,-0.65,-1.35,-1.31,-134.5
