date,pnl,gross,net_exposure,n_names
2024-10-15,0.0,0.0,0.0,0.0
2024-10-16,-2.6584424358014744,0.5,-0.1,5.0
2024-10-17,2.9106661752368805,0.7000000000000001,-0.5,7.0
2024-10-18,-0.8995962261832481,0.4,0.0,4.0
2024-10-21,-9.982530202901957,0.7000000000000001,0.1,7.0
2024-10-22,-1.4036376648232685,0.6000000000000001,0.4,6.0
2024-10-23,1.704908157028492,0.30000000000000004,-0.30000000000000004,3.0
2024-10-24,-4.8284781196839175,0.30000000000000004,-0.1,3.0
2024-10-25,0.39148653913079123,0.30000000000000004,-0.30000000000000004,3.0
2024-10-28,-4.081638887926438,0.9,-0.5,9.0
2024-10-29,-0.37836601965035105,0.5,0.1,5.0
2024-10-30,-3.9949562173463162,0.6000000000000001,-0.6000000000000001,6.0
2024-10-31,-1.9376616989370241,0.2,-0.2,2.0
2024-11-01,0.0,0.0,0.0,0.0
2024-11-04,1.40411727562623,0.1,-0.1,1.0
2024-11-05,-4.2419286339647275,0.6000000000000001,-0.2,6.0
2024-11-06,2.9999264312949587,0.2,-0.2,2.0
2024-11-07,-0.4169843421780811,0.4,-0.2,4.0
2024-11-08,-2.867352656633751,1.0,-0.2,10.0
2024-11-11,0.2606179296605985,0.4,0.0,4.0
2024-11-12,-3.856590075734636,0.1,-0.1,1.0
2024-11-13,11.5215608396886,0.6000000000000001,-0.4,6.0
2024-11-14,1.1769060053225444,0.2,0.0,2.0
2024-11-15,0.680644006622885,0.4,0.2,4.0
2024-11-18,0.7236951564464963,0.2,-0.2,2.0
2024-11-19,-5.451793230551916,0.9,0.9,9.0
2024-11-20,-6.4189907992733755,0.6000000000000001,0.2,6.0
2024-11-21,0.7338527092359916,0.6000000000000001,0.0,6.0
2024-11-22,-2.804425498379271,0.6000000000000001,-0.2,6.0
2024-11-25,-3.486520609390145,0.5,0.1,5.0
2024-11-26,5.943740901606621,0.5,0.30000000000000004,5.0
2024-11-27,-0.33309446611259474,0.2,0.0,2.0
2024-12-02,-1.8256056485380463,0.4,0.2,4.0
2024-12-03,8.976731544263123,0.2,0.0,2.0
2024-12-04,1.5142574352922267,0.2,0.0,2.0
2024-12-05,2.268921197230635,0.2,-0.2,2.0
2024-12-06,0.6516655040788019,0.4,0.2,4.0
2024-12-09,12.06001829307224,0.9,-0.5,9.0
2024-12-10,-3.753724725974459,0.5,0.5,5.0
2024-12-11,1.9737699452745552,0.2,0.0,2.0
2024-12-12,1.258218287834036,0.5,-0.30000000000000004,5.0
2024-12-13,0.24594413526228798,0.2,0.0,2.0
2024-12-16,-1.3482608062460986,0.1,-0.1,1.0
2024-12-17,1.014077794269312,0.1,-0.1,1.0
2024-12-18,-5.05642702144173,0.30000000000000004,-0.30000000000000004,3.0
2024-12-19,-3.0675837078953294,0.4,-0.4,4.0
2024-12-20,-2.471840839669068,0.1,0.1,1.0
2024-12-23,-7.466065596617208,0.4,0.2,4.0
2024-12-26,-2.406848613403144,0.30000000000000004,-0.30000000000000004,3.0
2024-12-27,4.36597999388776,0.2,-0.2,2.0
2024-12-30,2.4795086767953913,0.4,-0.4,4.0
2024-12-31,-1.2264832429976056,0.5,-0.30000000000000004,5.0
2025-01-02,-0.6727996455882748,0.30000000000000004,0.1,3.0
2025-01-03,2.115784044705858,0.4,0.2,4.0
2025-01-06,1.4674789459066937,0.4,0.4,4.0
2025-01-07,-0.9569170757102929,0.5,-0.5,5.0
2025-01-08,4.88236854165571,0.4,0.0,4.0
2025-01-10,0.0054425112264683065,0.1,-0.1,1.0
2025-01-13,1.284309311135886,0.6000000000000001,-0.2,6.0
2025-01-14,-1.5090288064267248,0.30000000000000004,0.30000000000000004,3.0
2025-01-15,0.0,0.0,0.0,0.0
2025-01-16,1.489523173664641,0.2,-0.2,2.0
2025-01-17,3.153417175397246,0.30000000000000004,0.30000000000000004,3.0
2025-01-21,-5.130394949939648,0.6000000000000001,0.2,6.0
2025-01-22,0.0,0.0,0.0,0.0
2025-01-23,5.813465305992367,0.9,0.7000000000000001,9.0
2025-01-24,-0.8823500588886396,0.8,0.0,8.0
2025-01-27,0.0,0.0,0.0,0.0
2025-01-28,1.8717519115929218,0.1,0.1,1.0
2025-01-29,-0.9670393747676795,0.9,-0.1,9.0
2025-01-30,2.4855461677144324,0.1,-0.1,1.0
2025-01-31,0.0,0.0,0.0,0.0
2025-02-03,2.221753905418669,0.30000000000000004,-0.30000000000000004,3.0
2025-02-04,2.688737945806115,0.2,0.0,2.0
2025-02-05,12.22046571941103,0.8,0.8,8.0
2025-02-06,-0.8476632984246008,0.5,0.30000000000000004,5.0
2025-02-07,-4.0320870221606935,0.30000000000000004,-0.1,3.0
2025-02-10,-7.602553928764595,0.5,0.5,5.0
2025-02-11,12.585922545222086,0.30000000000000004,-0.1,3.0
2025-02-12,-0.16944089830678033,0.4,0.0,4.0
2025-02-13,1.5350555531398251,0.5,0.5,5.0
2025-02-14,-0.5912856927250176,0.5,0.1,5.0
2025-02-18,8.087281431264133,0.9,0.9,9.0
2025-02-19,0.7043350192340008,0.4,0.4,4.0
2025-02-20,-9.721610539786942,0.8,0.6000000000000001,8.0
2025-02-21,0.0,0.0,0.0,0.0
2025-02-24,2.9014717749098016,0.4,-0.2,4.0
2025-02-25,-0.43148372598399976,0.4,-0.2,4.0
2025-02-26,-14.10556973083963,0.30000000000000004,0.1,3.0
2025-02-27,-11.773393757687334,0.6000000000000001,-0.6000000000000001,6.0
2025-02-28,-0.33150938763338156,0.30000000000000004,0.30000000000000004,3.0
2025-03-03,0.0,0.0,0.0,0.0
2025-03-04,-3.0882794938999814,0.2,0.0,2.0
2025-03-05,-6.9447252035666205,0.6000000000000001,0.4,6.0
2025-03-06,-2.5892387521172813,0.2,0.0,2.0
2025-03-07,13.567440481647361,0.30000000000000004,-0.30000000000000004,3.0
2025-03-10,1.6934445293985356,0.2,-0.2,2.0
2025-03-11,-0.36275701479303557,0.30000000000000004,-0.30000000000000004,3.0
2025-03-12,-3.970710942867994,0.4,-0.2,4.0
2025-03-13,3.5536125440936184,0.5,-0.5,5.0
2025-03-14,-0.6932291093359595,0.7000000000000001,0.7000000000000001,7.0
2025-03-17,-5.4265898332673626,0.2,0.0,2.0
2025-03-18,5.604135662846831,0.5,-0.5,5.0
2025-03-19,-2.225230875306508,0.2,-0.2,2.0
2025-03-20,-4.561119901862892,0.5,-0.30000000000000004,5.0
2025-03-21,-8.838058507228531,0.30000000000000004,-0.1,3.0
2025-03-24,1.7624618774696728,0.6000000000000001,0.6000000000000001,6.0
2025-03-25,-2.5062931541532554,0.5,0.5,5.0
2025-03-26,0.0,0.0,0.0,0.0
2025-03-27,2.220355873449497,0.8,0.2,8.0
2025-03-28,-0.13216398515510655,0.1,-0.1,1.0
2025-03-31,-3.405737333685799,0.4,0.4,4.0
2025-04-01,-2.8138491285162943,1.0,0.8181818181818182,11.0
2025-04-02,0.5115137315154971,0.7000000000000001,0.30000000000000004,7.0
2025-04-03,-10.708719116353869,0.5,-0.1,5.0
2025-04-04,3.363376529489588,0.5,-0.1,5.0
2025-04-07,-1.0292950038131845,0.1,-0.1,1.0
2025-04-08,2.8146001632429005,0.2,0.0,2.0
2025-04-09,-1.309825907902948,0.4,0.2,4.0
2025-04-10,1.937697666372541,0.1,0.1,1.0
2025-04-11,7.022560666484566,0.7000000000000001,0.7000000000000001,7.0
2025-04-14,-4.063555533575461,0.4,-0.2,4.0
2025-04-15,-12.352483525242393,1.0,0.8461538461538463,13.0
2025-04-16,-3.6063873137997158,0.2,0.2,2.0
2025-04-17,-2.9026317338137435,0.2,0.0,2.0
2025-04-21,-5.4966843849501,0.5,-0.30000000000000004,5.0
2025-04-22,6.795934263482012,0.8,0.8,8.0
2025-04-23,0.0,0.0,0.0,0.0
2025-04-24,-5.203726278806915,0.7000000000000001,0.7000000000000001,7.0
2025-04-25,-7.165036957960807,0.8,0.6000000000000001,8.0
2025-04-28,-5.962504450613575,0.30000000000000004,0.1,3.0
2025-04-29,-2.6497901979265377,0.5,0.5,5.0
2025-04-30,-1.3008173076322604,0.4,0.4,4.0
2025-05-01,3.2376943208556423,0.5,0.30000000000000004,5.0
2025-05-02,-0.5464364927773678,0.2,0.2,2.0
2025-05-05,-2.862140512909192,0.2,0.2,2.0
2025-05-06,0.9136229321183175,0.6000000000000001,0.2,6.0
2025-05-07,5.808900235557566,0.7000000000000001,-0.5,7.0
2025-05-08,-2.329166006439564,0.1,-0.1,1.0
2025-05-09,-6.8268503685567,0.7000000000000001,0.7000000000000001,7.0
2025-05-12,-1.463304558794061,0.8,0.6000000000000001,8.0
2025-05-13,-0.25368431277037173,0.30000000000000004,0.30000000000000004,3.0
2025-05-14,-3.025116776872396,0.9,0.7000000000000001,9.0
2025-05-15,-0.74082398487899,1.0,0.8333333333333333,12.0
2025-05-16,1.992381158093827,0.30000000000000004,0.1,3.0
2025-05-19,-5.538344351113672,0.6000000000000001,0.2,6.0
2025-05-20,-3.101548843421793,0.4,-0.2,4.0
2025-05-21,-1.9660815163380527,0.1,0.1,1.0
2025-05-22,0.0,0.0,0.0,0.0
2025-05-23,-2.1447075170837255,1.0,-0.2727272727272727,11.0
2025-05-27,-3.7271032104675412,0.2,0.2,2.0
2025-05-28,5.8259989622444905,0.2,-0.2,2.0
2025-05-29,-3.52379069065855,0.5,0.1,5.0
2025-05-30,-8.593377873473143,0.7000000000000001,0.7000000000000001,7.0
2025-06-02,-2.1911580121638097,0.4,0.4,4.0
2025-06-03,1.6042049607034963,0.5,0.1,5.0
2025-06-04,11.872030797706442,0.9,-0.1,9.0
2025-06-05,0.6162725329609711,0.30000000000000004,-0.30000000000000004,3.0
2025-06-06,-3.8631789376953933,0.4,0.2,4.0
2025-06-09,-0.1560111355729116,0.4,0.2,4.0
2025-06-10,2.2220117388386957,0.30000000000000004,0.1,3.0
2025-06-11,-2.429974142795299,0.6000000000000001,-0.2,6.0
2025-06-12,0.0,0.0,0.0,0.0
2025-06-13,-0.8424354447895344,0.1,0.1,1.0
2025-06-16,-2.910674043566456,0.30000000000000004,0.1,3.0
2025-06-17,0.0,0.0,0.0,0.0
2025-06-18,3.0064841668680913,0.2,0.2,2.0
2025-06-20,-5.4281012669895405,0.5,0.5,5.0
2025-06-23,0.7509207535657924,0.5,0.30000000000000004,5.0
2025-06-24,-1.9492115060417647,0.4,0.4,4.0
2025-06-25,2.616180038281633,0.5,-0.1,5.0
2025-06-26,1.8093120241097673,0.2,0.2,2.0
2025-06-27,0.17416643712733565,0.1,-0.1,1.0
2025-06-30,0.004830071345326203,0.6000000000000001,0.6000000000000001,6.0
2025-07-01,-4.683827865098426,0.2,0.0,2.0
2025-07-02,1.1744088743089551,0.30000000000000004,0.30000000000000004,3.0
2025-07-07,2.477778931936453,0.30000000000000004,0.1,3.0
2025-07-08,-6.033303834079485,0.30000000000000004,0.1,3.0
2025-07-09,4.808704655364098,0.6000000000000001,0.4,6.0
2025-07-10,-0.6274706911042104,0.8,-0.2,8.0
2025-07-11,-0.39667474529651586,0.30000000000000004,0.1,3.0
2025-07-14,1.7604628155979698,0.30000000000000004,-0.1,3.0
2025-07-15,1.9555524471171848,0.30000000000000004,-0.1,3.0
2025-07-16,0.29859366885673405,0.2,0.0,2.0
2025-07-17,-1.8554960557668574,0.7000000000000001,-0.30000000000000004,7.0
2025-07-18,4.8500326910523235,0.6000000000000001,0.4,6.0
2025-07-21,-10.015161810241459,0.2,0.0,2.0
2025-07-22,-1.9176428310189535,0.7000000000000001,-0.5,7.0
2025-07-23,1.8218181181674646,0.2,-0.2,2.0
2025-07-24,-1.3774585742094634,0.7000000000000001,-0.30000000000000004,7.0
2025-07-25,7.828805356834034,0.7000000000000001,-0.1,7.0
2025-07-28,0.20952599412068384,0.5,0.30000000000000004,5.0
2025-07-29,-3.2479832318962147,0.5,0.1,5.0
2025-07-30,4.46216674773767,0.4,0.2,4.0
2025-07-31,-4.942646686931323,0.9,0.1,9.0
2025-08-01,-2.163530278323724,0.4,-0.2,4.0
2025-08-04,-1.5583847916136404,0.2,0.2,2.0
2025-08-05,-4.570837033259397,0.5,0.1,5.0
2025-08-06,-1.23032293416031,0.2,0.2,2.0
2025-08-07,10.255996963114628,0.5,0.1,5.0
2025-08-08,-1.6071530028441103,0.1,0.1,1.0
2025-08-11,1.3503485521910803,0.5,-0.30000000000000004,5.0
2025-08-12,-2.8972519595216624,0.2,0.2,2.0
2025-08-13,-2.4975793456576683,0.2,0.2,2.0
2025-08-14,-5.321245757257431,0.8,0.2,8.0
2025-08-15,0.3830674113487721,0.30000000000000004,-0.1,3.0
2025-08-18,-3.289546788486724,0.2,-0.2,2.0
2025-08-19,0.5911268350326788,0.2,-0.2,2.0
2025-08-20,0.3581497096315867,0.7000000000000001,-0.1,7.0
2025-08-21,2.5224744571155333,0.5,-0.1,5.0
2025-08-22,1.0713447202084645,0.1,0.1,1.0
2025-08-25,-1.0638955059002673,0.7000000000000001,-0.1,7.0
2025-08-26,-1.1477601689662136,0.30000000000000004,0.1,3.0
2025-08-27,4.1115007489653825,0.30000000000000004,-0.1,3.0
2025-08-28,8.652891794968522,0.6000000000000001,0.0,6.0
2025-08-29,-1.7439688571312368,0.7000000000000001,-0.7000000000000001,7.0
2025-09-02,-1.2451794837489238,0.4,0.2,4.0
2025-09-03,0.26647833427665274,0.4,0.4,4.0
2025-09-04,0.12436347079179483,0.2,0.0,2.0
2025-09-05,2.3345184247419755,0.6000000000000001,0.2,6.0
2025-09-08,-0.11412229247795175,0.2,0.0,2.0
2025-09-09,1.909824191366465,0.30000000000000004,-0.1,3.0
2025-09-10,2.025050492280097,0.4,-0.2,4.0
2025-09-11,-1.690696313386101,0.2,-0.2,2.0
2025-09-12,2.5379028510965718,0.4,0.4,4.0
2025-09-15,3.1258943756448647,0.4,0.0,4.0
2025-09-16,1.7016858632006742,0.2,0.0,2.0
2025-09-17,-7.535222748152759,0.30000000000000004,0.30000000000000004,3.0
2025-09-18,1.4830537716740175,0.1,0.1,1.0
2025-09-19,0.0,0.0,0.0,0.0
2025-09-22,-1.301183150689079,0.1,0.1,1.0
2025-09-23,0.0,0.0,0.0,0.0
2025-09-24,4.728076048204164,0.5,-0.30000000000000004,5.0
2025-09-25,1.7680692363805819,0.5,-0.30000000000000004,5.0
2025-09-26,6.298199265623633,0.8,-0.4,8.0
2025-09-29,0.0,0.0,0.0,0.0
2025-09-30,-1.0334665919829757,0.5,0.5,5.0
