term,coef,t_stat,annualized_pct,strategy,r2,days
alpha_daily_bps,-0.3481512351973453,-1.550780621783223,-0.8773411126973102,Closing Pressure (both years),0.015,475
MKT,0.041415404224056374,1.6839096172364787,,Closing Pressure (both years),0.015,475
MOM,0.0011142660922141368,0.052985647335744915,,Closing Pressure (both years),0.015,475
INTRADAY,0.0414169797758891,2.25259260785655,,Closing Pressure (both years),0.015,475
alpha_daily_bps,-0.48867400815368717,-1.456392915128646,-1.2314585005472916,Closing Pressure (test),0.023,249
MKT,0.023999688446490447,0.5807387989333253,,Closing Pressure (test),0.023,249
MOM,0.00951900988589867,0.3462705045420898,,Closing Pressure (test),0.023,249
INTRADAY,0.05937872787935616,2.353015396394599,,Closing Pressure (test),0.023,249
alpha_daily_bps,10.298307040650954,2.0460538324823943,25.951733742440407,Overnight fade (both years),0.005,465
MKT,-0.07178406845350357,-1.0371006055221177,,Overnight fade (both years),0.005,465
MOM,0.030287981776774237,0.5406993184365781,,Overnight fade (both years),0.005,465
INTRADAY,-0.046140533959376,-0.8212469725909853,,Overnight fade (both years),0.005,465
